,Age,Fare,SibSp,Parch,Pclass,Sex,Embarked
MEAN,29.51642475,33.28108564,0.498854087,0.385026738,2.294881589,        -,       -
MODE,28,8.05,0,0,3,   MALE(0),                S
MEDIAN,28,14.4542,0,0,3,       -,       -
STDEV,12.90695048,51.74149977,1.041658391,0.865560275,0.837836019,       -,       -
